DRIVER_INTELIGENTE_OFFLINE_ADDRESS	1
META	Parana OSM places	1.0.0	Parana
PLACE	pr-osm-3066029551	3 Bocas	-24.6827566	-53.8199972
PLACE	pr-osm-13993442392	3 Placas	-24.5196818	-53.0924193
PLACE	pr-osm-415523049	Abatiá	-23.3052967	-50.3102532
PLACE	pr-osm-3066037010	Acarahy	-24.8645906	-53.8326649
PLACE	pr-osm-416645187	Adhemar de Barros	-22.690307	-52.7356442
PLACE	pr-osm-415523630	Adrianópolis	-24.6557863	-48.9912769
PLACE	pr-osm-415523611	Agudos do Sul	-25.9890808	-49.3328175
PLACE	pr-osm-1248679208	Aldeia Ivaí	-24.541812	-51.6316294	Terra Indígena Ivaí
PLACE	pr-osm-4077041604	Aldeia Kakane Porã	-25.6039263	-49.3278445
PLACE	pr-osm-10937002663	Aldeia Tupã Nh’è Kretã	-25.6156265	-48.937514
PLACE	pr-osm-416646643	Alecrim	-24.0413686	-50.4014
PLACE	pr-osm-416646694	Alexandra	-25.5545168	-48.627166
PLACE	pr-osm-415523603	Almirante Tamandaré	-25.3133048	-49.2997838
PLACE	pr-osm-415523474	Altamira do Paraná	-24.798939	-52.7132201
PLACE	pr-osm-416645242	Alto Alegre	-22.897695	-51.8883784
PLACE	pr-osm-416657857	Alto Alegre	-24.2971233	-54.0617511
PLACE	pr-osm-6768461999	Alto Alegre	-24.3727826	-53.5882651
PLACE	pr-osm-416646271	Alto Alegre do Iguaçu	-25.4817929	-53.4833205
PLACE	pr-osm-6296783816	Alto Bela Vista	-25.3722674	-52.9416022
PLACE	pr-osm-7804605915	Alto da Serra	-24.9023637	-54.1853268
PLACE	pr-osm-416646613	Alto do São João	-24.5507904	-52.1042851
PLACE	pr-osm-4516898476	Alto Faraday	-25.5858943	-53.6460347
PLACE	pr-osm-415522950	Alto Paraná	-23.131247	-52.318893
PLACE	pr-osm-415522890	Alto Paraíso	-23.508137	-53.728537
PLACE	pr-osm-415523513	Alto Piquiri	-24.0239021	-53.4417448
PLACE	pr-osm-416646590	Alto Porã	-24.3518372	-51.6925728
PLACE	pr-osm-416646148	Alto Santa Fé	-24.3916261	-53.9320598
PLACE	pr-osm-415522884	Altônia	-23.8722004	-53.894037
PLACE	pr-osm-416646118	Alvorada do Iguaçu	-25.3666193	-54.4987879
PLACE	pr-osm-415523042	Alvorada do Sul	-22.7807269	-51.2307721
PLACE	pr-osm-415522915	Amaporã	-23.094272	-52.786597
PLACE	pr-osm-416645267	Amorinha	-23.924152	-50.264212
PLACE	pr-osm-415523329	Ampére	-25.9168712	-53.4742414	Ampère;Ampére
PLACE	pr-osm-415523486	Anahy	-24.6450861	-53.1337957
PLACE	pr-osm-415523028	Andirá	-23.0494761	-50.2310027
PLACE	pr-osm-10702107321	Anhaia	-25.5247101	-48.8442789
PLACE	pr-osm-5957747589	Antas	-24.0604374	-50.6287707
PLACE	pr-osm-277438325	Antonina	-25.4298854	-48.7125431
PLACE	pr-osm-415523618	Antônio Olinto	-25.9849006	-50.1974516
PLACE	pr-osm-416646306	Anunciação	-25.7917637	-53.4051511
PLACE	pr-osm-416645159	Aparecida D'Oeste	-23.9603855	-52.8465909
PLACE	pr-osm-7667341422	Aparecidinha	-24.8171196	-54.2507909
PLACE	pr-osm-416646582	Apiaba	-25.338083	-50.788099
PLACE	pr-osm-415522987	Apucarana	-23.5525327	-51.4610764
PLACE	pr-osm-11447812802	Apucaraninha	-23.7613707	-50.9124347
PLACE	pr-osm-416766141	Aquidaban	-23.5858257	-51.9038367	Aquidabã
PLACE	pr-osm-415522984	Arapongas	-23.4152862	-51.4293961
PLACE	pr-osm-415523633	Arapoti	-24.1457957	-49.8224605
PLACE	pr-osm-416646611	Arapuan	-24.258051	-52.849561
PLACE	pr-osm-415523497	Arapuã	-24.3079525	-51.7901941
PLACE	pr-osm-415522899	Araruna	-23.9320308	-52.4976047
PLACE	pr-osm-415523605	Araucária	-25.5861107	-49.4051209
PLACE	pr-osm-415523494	Ariranha do Ivaí	-24.3834527	-51.5876772
PLACE	pr-osm-3759315736	Arroio Guaçu	-24.3915243	-54.2479137
PLACE	pr-osm-415522999	Assaí	-23.3736041	-50.8454929
PLACE	pr-osm-7804605918	Assentamento Ander Rodolfo Henrique	-24.9372399	-54.05343
PLACE	pr-osm-415523478	Assis Chateaubriand	-24.4054826	-53.5120468
PLACE	pr-osm-415522975	Astorga	-23.2350184	-51.6647074
PLACE	pr-osm-415522958	Atalaia	-23.1513833	-52.0529697
PLACE	pr-osm-416646116	Aurora do Iguaçu	-25.3706044	-54.1600669
PLACE	pr-osm-10983164447	Açungui	-24.9878056	-49.4819517
PLACE	pr-osm-10264921661	Açungui do Meio	-25.0461662	-49.5378693
PLACE	pr-osm-416646692	Bairro Alto	-25.2312576	-48.7508424
PLACE	pr-osm-5955730961	Bairro dos Alves	-23.897514	-50.5832559
PLACE	pr-osm-12990026377	Bal São Luiz	-22.7567122	-51.2095499
PLACE	pr-osm-12990023889	Balneario Rosa L Alves I	-22.7426328	-51.2031019
PLACE	pr-osm-12990043208	Balneário Porto Seguro	-22.7603332	-51.1938215
PLACE	pr-osm-415523607	Balsa Nova	-25.5842234	-49.6312741
PLACE	pr-osm-416646601	Bananas	-25.133318	-52.602464
PLACE	pr-osm-415523005	Bandeirantes	-23.107788	-50.370407
PLACE	pr-osm-3940872026	Bandeirantes d'Oeste	-24.3069818	-53.2114389	Bandeirantes do Oeste
PLACE	pr-osm-415523506	Barbosa Ferraz	-24.0287182	-52.00811
PLACE	pr-osm-4679181509	Barbosas	-23.7490763	-49.8314568
PLACE	pr-osm-5815646672	Barra Bonita	-24.7155145	-52.0419624
PLACE	pr-osm-6135820341	Barra Bonita	-24.0146482	-50.6081089
PLACE	pr-osm-3265643704	Barra de Superagui	-25.4574026	-48.2474415	Barra do Superagui
PLACE	pr-osm-9363024804	Barra do Ararapira	-25.2938054	-48.0985084
PLACE	pr-osm-415523062	Barra do Jacaré	-23.1151788	-50.1813945
PLACE	pr-osm-416646251	Barra Grande	-25.7421715	-53.6831476
PLACE	pr-osm-416646328	Barra Grande	-25.9736481	-52.9181776
PLACE	pr-osm-5955743790	Barra Grande	-23.9380726	-50.5899576
PLACE	pr-osm-5958150085	Barra Grande	-23.9736524	-50.5412259
PLACE	pr-osm-6151492038	Barra Mansa	-23.8615615	-50.5741439
PLACE	pr-osm-415523248	Barracão	-26.2524094	-53.6349764	Barracao	Município de Barracão
PLACE	pr-osm-3520840697	Barreiros	-25.4863541	-48.7827188
PLACE	pr-osm-5958358085	Barrinha	-24.0581765	-50.4188797
PLACE	pr-osm-416766184	Barão de Antonina	-23.6699419	-50.8682664
PLACE	pr-osm-416645198	Barão de Lucena	-23.2511152	-52.2974314
PLACE	pr-osm-416646710	Bateias	-25.3600967	-49.5119956
PLACE	pr-osm-3756685061	Bela Vista	-24.517424	-54.2157264
PLACE	pr-osm-416646602	Bela Vista	-25.1584839	-52.6970394
PLACE	pr-osm-415523253	Bela Vista da Caroba	-25.8792818	-53.6672545
PLACE	pr-osm-416645194	Bela Vista do Ivaí	-23.8477458	-52.0311184
PLACE	pr-osm-415523040	Bela Vista do Paraíso	-22.9948493	-51.1907996
PLACE	pr-osm-416646603	Bela Vista do Piquiri	-24.683661	-52.8813778
PLACE	pr-osm-416645176	Bela Vista do Tapiracuí	-23.5885578	-52.9390244
PLACE	pr-osm-6125474338	Belizário	-24.057585	-50.4890173
PLACE	pr-osm-416645245	Bentópolis	-22.9288622	-51.7152255
PLACE	pr-osm-6318223445	Biopark	-24.6209636	-53.7122279
PLACE	pr-osm-3749186438	Biscaia	-25.0658489	-49.8807444
PLACE	pr-osm-415523397	Bituruna	-26.161281	-51.5533319
PLACE	pr-osm-415523467	Boa Esperança	-24.2411024	-52.7860277
PLACE	pr-osm-415523319	Boa Esperança do Iguaçu	-25.6362851	-53.2139114
PLACE	pr-osm-415523518	Boa Ventura de São Roque	-24.88177	-51.5441292
PLACE	pr-osm-2305317836	Boa Vista	-24.652868	-53.6807867
PLACE	pr-osm-416645205	Boa Vista	-23.21716	-52.234967
PLACE	pr-osm-5955766871	Boa Vista (Vila Rural)	-23.989785	-50.5041576
PLACE	pr-osm-415523322	Boa Vista da Aparecida	-25.4357216	-53.4067721
PLACE	pr-osm-415523648	Bocaiúva do Sul	-25.206591	-49.114131
PLACE	pr-osm-3757664228	Bom Jardim	-24.5472256	-54.2653762
PLACE	pr-osm-416646636	Bom Jardim do Sul	-25.0293818	-50.801033
PLACE	pr-osm-415523255	Bom Jesus do Sul	-26.192388	-53.6000736
PLACE	pr-osm-2305130129	Bom Princípio	-24.771423	-53.6414762
PLACE	pr-osm-415522965	Bom Sucesso	-23.7101968	-51.7661597
PLACE	pr-osm-415523346	Bom Sucesso do Sul	-26.0749256	-52.8348629
PLACE	pr-osm-10296114125	Bombas	-24.8390771	-49.4073388
PLACE	pr-osm-416646715	Borda do Campo	-25.388812	-49.04505
PLACE	pr-osm-416646321	Borman	-25.184084	-52.771083
PLACE	pr-osm-5578542975	Bormann	-25.1970018	-52.7610662
PLACE	pr-osm-415522967	Borrazópolis	-23.9399295	-51.5842203
PLACE	pr-osm-416646612	Bourbonia	-24.1829967	-52.2207381
PLACE	pr-osm-415523485	Braganey	-24.8179919	-53.118506
PLACE	pr-osm-3659596607	Bragantina	-24.8332943	-53.1159432
PLACE	pr-osm-416646165	Bragantina	-24.6084202	-53.6173652
PLACE	pr-osm-3657287656	Bragápolis	-24.1397219	-52.8616864
PLACE	pr-osm-415523475	Brasilândia do Sul	-24.1975793	-53.527551
PLACE	pr-osm-416766158	Bratislava	-23.31553	-51.2859539
PLACE	pr-osm-7667341517	Braço Norte	-24.853333	-54.2225762
PLACE	pr-osm-416646659	Bugre	-25.4978707	-49.6205036
PLACE	pr-osm-7667341533	Buricá	-24.8914891	-54.3164374
PLACE	pr-osm-5962962574	Cachoeira	-24.0859334	-50.4262479
PLACE	pr-osm-10188331783	Cachoeira de Cima	-25.2591153	-48.7405089
PLACE	pr-osm-416645274	Cachoeira do Espírito Santo	-23.2637025	-49.7019661
PLACE	pr-osm-416646640	Caetano Mendes	-24.6277664	-50.6436472
PLACE	pr-osm-415523019	Cafeara	-22.78905	-51.714195
PLACE	pr-osm-415523465	Cafelândia	-24.6176963	-53.3218057
PLACE	pr-osm-415522887	Cafezal do Sul	-23.900508	-53.512418
PLACE	pr-osm-416646553	Caitá	-25.7678078	-50.554639
PLACE	pr-osm-415522994	Califórnia	-23.6672543	-51.3554556
PLACE	pr-osm-416645283	Calógeras	-23.9933173	-49.8229602
PLACE	pr-osm-415523064	Cambará	-23.042273	-50.075281
PLACE	pr-osm-415522986	Cambira	-23.6002773	-51.5809914
PLACE	pr-osm-415522993	Cambé	-23.2782035	-51.2779583
PLACE	pr-osm-5641775460	Campestrinho	-25.7914175	-49.301
PLACE	pr-osm-415523469	Campina da Lagoa	-24.5937926	-52.8038965
PLACE	pr-osm-415523516	Campina do Simão	-25.1086375	-51.8076658
PLACE	pr-osm-340934669	Campina Grande do Sul	-25.3046032	-49.0545355
PLACE	pr-osm-7894812056	Campineiro do Sul	-24.3302244	-51.1488569
PLACE	pr-osm-416657053	Campinho	-23.7738761	-50.2827077
PLACE	pr-osm-415523488	Campo Bonito	-25.0328004	-52.992976
PLACE	pr-osm-415523614	Campo do Tenente	-25.9814143	-49.684518
PLACE	pr-osm-269996243	Campo Largo	-25.4597726	-49.5270851
PLACE	pr-osm-336189679	Campo Magro	-25.3691533	-49.4496921
PLACE	pr-osm-415523504	Campo Mourão	-24.046329	-52.37802
PLACE	pr-osm-416646156	Candeia	-24.478986	-53.7923843
PLACE	pr-osm-415523426	Candói	-25.5711951	-52.051107	Candoi
PLACE	pr-osm-10264921674	Canelão	-25.1310789	-49.4726494	Canela
PLACE	pr-osm-415523423	Cantagalo	-25.3735238	-52.1238114
PLACE	pr-osm-416646250	Canzianópolis	-25.9169772	-53.7088169
PLACE	pr-osm-415523266	Capanema	-25.6704878	-53.8083036
PLACE	pr-osm-6241670828	Capinzal	-23.9114879	-50.5439292
PLACE	pr-osm-415523264	Capitão Leônidas Marques	-25.481645	-53.611238	Capitao Leonidas Marques
PLACE	pr-osm-11958851317	Carajá	-24.4567324	-52.9631411
PLACE	pr-osm-416646574	Carajá	-24.4634057	-53.4210452
PLACE	pr-osm-415523637	Carambeí	-24.9513298	-50.1171293
PLACE	pr-osm-416646723	Caratuva	-24.0068094	-50.1352025
PLACE	pr-osm-416645167	Carbonera	-23.548179	-53.318813
PLACE	pr-osm-415523059	Carlópolis	-23.4285011	-49.7208814
PLACE	pr-osm-5955730962	Carreiros	-23.8836771	-50.556404
PLACE	pr-osm-1362297086	Cascavel	-24.9554996	-53.4560544
PLACE	pr-osm-415523638	Castro	-24.794072	-49.9972914
PLACE	pr-osm-1975103890	Castrolanda	-24.791365	-49.9448149
PLACE	pr-osm-415523343	Catanduvas	-25.2043528	-53.154826
PLACE	pr-osm-3104748081	Catanduvas de Fora	-24.96027	-50.0188768
PLACE	pr-osm-416646665	Catanduvas do Sul	-25.709927	-49.46638
PLACE	pr-osm-1970328651	Catuporanga	-24.4917389	-51.9610357
PLACE	pr-osm-3093068852	Caxambú	-24.6910567	-50.0081433
PLACE	pr-osm-415523036	Centenário do Sul	-22.821497	-51.5951456
PLACE	pr-osm-416646254	Centro Novo	-25.7797523	-53.7940177
PLACE	pr-osm-415523629	Cerro Azul	-24.8245108	-49.2615181
PLACE	pr-osm-3066033364	Cerro da Lola	-24.7028831	-53.9366836
PLACE	pr-osm-3066043043	Chaparral	-24.8885042	-53.6930572
PLACE	pr-osm-415523338	Chopinzinho	-25.8566167	-52.5294107
PLACE	pr-osm-415522906	Cianorte	-23.662036	-52.6103989
PLACE	pr-osm-415522908	Cidade Gaúcha	-23.3816558	-52.9444098
PLACE	pr-osm-415523388	Clevelândia	-26.404065	-52.3513972
PLACE	pr-osm-8529746046	Clube Náutico Toledo	-24.509459	-54.3151068
PLACE	pr-osm-365936517	Colombo	-25.2925439	-49.2243472
PLACE	pr-osm-415523024	Colorado	-22.8385097	-51.9730135
PLACE	pr-osm-3693643320	Colônia Cristina	-25.5255943	-49.4819219
PLACE	pr-osm-5955766875	Colônia Dantas	-24.0826614	-50.3529459
PLACE	pr-osm-6181694515	Colônia Matos	-25.7954334	-49.272307
PLACE	pr-osm-4157958300	Colônia Retiro	-25.7584221	-49.2863927
PLACE	pr-osm-1124851150	Colônia Witmarsum	-25.4246132	-49.8200496
PLACE	pr-osm-7804604560	Comunidade Indígena Tekohá Añetete	-25.0101232	-54.0992203
PLACE	pr-osm-7804605921	Comunidade Indígena Tekohá Itamarã	-25.0035011	-54.0525525
PLACE	pr-osm-416645156	Comur	-23.0766133	-52.9604149
PLACE	pr-osm-416646253	Conciolândia	-25.8876982	-53.7602732
PLACE	pr-osm-2408871649	Concórdia do Oeste	-24.7131312	-53.8498922
PLACE	pr-osm-416645246	Congonhas	-23.2034274	-50.7243384
PLACE	pr-osm-415523009	Congonhinhas	-23.5497241	-50.5520182
PLACE	pr-osm-415523046	Conselheiro Mairinck	-23.6229983	-50.1706779
PLACE	pr-osm-416645291	Conselheiro Zacarias	-23.4128532	-49.9799938
PLACE	pr-osm-415523608	Contenda	-25.678811	-49.535044
PLACE	pr-osm-416645195	Copacabana do Norte	-23.5294707	-52.3797156
PLACE	pr-osm-415523490	Corbélia	-24.7951117	-53.2961804
PLACE	pr-osm-415523010	Cornélio Procópio	-23.1825218	-50.6499263
PLACE	pr-osm-7667341423	Coroados	-24.8056756	-54.2012184
PLACE	pr-osm-5938063020	Coronel Domingos Soares	-26.22394	-52.0314509
PLACE	pr-osm-415523336	Coronel Vivida	-25.9803771	-52.5654277
PLACE	pr-osm-416645230	Correia de Freitas	-23.6119578	-51.3470456
PLACE	pr-osm-415523503	Corumbataí do Sul	-24.100956	-52.11766
PLACE	pr-osm-7804605917	Corvo Branco	-24.8787006	-54.0705758
PLACE	pr-osm-416646528	Covó	-26.000496	-52.2204109
PLACE	pr-osm-4554245110	Coxilia Bonita	-25.8813173	-53.6376515
PLACE	pr-osm-416646258	Cristo Rei	-25.5996556	-53.7593398
PLACE	pr-osm-415523454	Cruz Machado	-26.0184626	-51.3503171
PLACE	pr-osm-7127406139	Cruzeirinho	-24.151766	-54.2671287
PLACE	pr-osm-415523320	Cruzeiro do Iguaçu	-25.6142278	-53.1299075
PLACE	pr-osm-416645241	Cruzeiro do Norte	-23.2289249	-50.8637767
PLACE	pr-osm-415522895	Cruzeiro do Oeste	-23.7839582	-53.0709425
PLACE	pr-osm-415523023	Cruzeiro do Sul	-22.9623678	-52.1625688
PLACE	pr-osm-415523499	Cruzmaltina	-23.9930826	-51.4435583
PLACE	pr-osm-206136859	Curitiba	-25.4295963	-49.2712724
PLACE	pr-osm-415523547	Curiúva	-24.0383013	-50.455484
PLACE	pr-osm-415523501	Cândido de Abreu	-24.5747463	-51.3432207
PLACE	pr-osm-415523440	Céu Azul	-25.1484973	-53.8494214
PLACE	pr-osm-416645178	Deputado José Afonso	-23.1154069	-52.7068604
PLACE	pr-osm-416646579	Dez de Maio	-24.6786356	-53.9163847
PLACE	pr-osm-415523133	Diamante d'Oeste	-24.9446989	-54.1028594
PLACE	pr-osm-415522937	Diamante do Norte	-22.6565442	-52.8589113
PLACE	pr-osm-415523473	Diamante do Sul	-25.0436147	-52.6800923
PLACE	pr-osm-416766216	Dinizópolis	-24.0406607	-51.5511845
PLACE	pr-osm-4496257386	Distrito (Paraguaçu)	-24.3339705	-52.8085113
PLACE	pr-osm-11913510858	Distrito de Brasiliana	-24.7221533	-53.5242373
PLACE	pr-osm-416646670	Doce Grande	-26.022387	-49.430872
PLACE	pr-osm-416646331	Dois Irmãos	-25.8286921	-52.7909913
PLACE	pr-osm-416646577	Dois Irmãos	-24.6212043	-53.9287909
PLACE	pr-osm-415523316	Dois Vizinhos	-25.7464681	-53.0554369
PLACE	pr-osm-8547182423	Dom Armando	-25.033264	-54.2443776
PLACE	pr-osm-416646560	Dorizon	-25.944077	-50.8522723
PLACE	pr-osm-415522897	Douradina	-23.3847331	-53.2932989
PLACE	pr-osm-416646312	Doutor Antônio Paranhos	-25.6106111	-53.0107808
PLACE	pr-osm-415522954	Doutor Camargo	-23.5575611	-52.2185546
PLACE	pr-osm-3066024474	Doutor Ernesto	-24.6083863	-53.6932969
PLACE	pr-osm-416646145	Doutor Oliveira Castro	-24.2520444	-54.2665796
PLACE	pr-osm-415523635	Doutor Ulysses	-24.5661713	-49.4203013
PLACE	pr-osm-4516897240	Duas Barras	-25.5625113	-53.6859712
PLACE	pr-osm-416646699	Eduardo Xavier da Silva	-24.401012	-49.60595
PLACE	pr-osm-2332093268	Embú	-24.5728937	-50.84685
PLACE	pr-osm-416646168	Encantado d'Oeste	-24.4143746	-53.6543623	Encantado do Oeste
PLACE	pr-osm-415522947	Engenheiro Beltrão	-23.7996003	-52.2592684
PLACE	pr-osm-416646498	Entre Rios	-25.5629506	-51.489789
PLACE	pr-osm-415523132	Entre Rios do Oeste	-24.7002098	-54.2448233
PLACE	pr-osm-415523315	Enéas Marques	-25.9435584	-53.1637539
PLACE	pr-osm-4616877415	Ercilândia	-24.1923434	-53.645889
PLACE	pr-osm-6050897831	Esperança	-23.8237574	-50.6432732
PLACE	pr-osm-416645254	Esperança do Norte	-22.71954	-51.2858253
PLACE	pr-osm-415522886	Esperança Nova	-23.7246134	-53.8105174
PLACE	pr-osm-415523332	Espigão Alto do Iguaçu	-25.4223729	-52.8376411
PLACE	pr-osm-5955766873	Espigão Baixo	-24.0151199	-50.395154
PLACE	pr-osm-5955766872	Espigão Bonito	-23.9474263	-50.3934335
PLACE	pr-osm-360043302	Espirito Santo	-23.3749637	-51.21242
PLACE	pr-osm-8547118986	Esquina Céu Azul	-24.9332576	-54.3036117
PLACE	pr-osm-6429401228	Esquina Gaúcha	-25.1015258	-54.3872934
PLACE	pr-osm-415523188	Farol	-24.0935055	-52.6232183
PLACE	pr-osm-415523548	Faxinal	-24.001212	-51.3222727
PLACE	pr-osm-416646512	Faxinal do Céu	-25.9040771	-51.5901328
PLACE	pr-osm-9913850735	Faxinal dos Lindolfos	-25.0426522	-51.2772673
PLACE	pr-osm-415523606	Fazenda Rio Grande	-25.645841	-49.3126653
PLACE	pr-osm-1961635131	Fazendinha	-25.8790212	-50.5419599
PLACE	pr-osm-416657954	Felisberto	-24.037774	-50.630742
PLACE	pr-osm-415523435	Fernandes Pinheiro	-25.4148066	-50.5489837
PLACE	pr-osm-416645214	Fernão Dias	-23.1235387	-51.7110707
PLACE	pr-osm-416646709	Ferraria	-25.460002	-49.4023424
PLACE	pr-osm-6128273249	Ferreira	-24.0548779	-50.6644441
PLACE	pr-osm-415523003	Figueira	-23.8481018	-50.4059875
PLACE	pr-osm-416645186	Figueira do Oeste	-23.7783848	-52.3509872
PLACE	pr-osm-3764677606	Flor da Serra	-25.6198077	-53.5584531
PLACE	pr-osm-415523179	Flor da Serra do Sul	-26.2589553	-53.308432
PLACE	pr-osm-415522949	Floraí	-23.3206134	-52.3009856
PLACE	pr-osm-10971103717	Floresta	-25.5502751	-48.6949171
PLACE	pr-osm-415522952	Floresta	-23.6144046	-52.0819003
PLACE	pr-osm-415523039	Florestópolis	-22.8663942	-51.3905121
PLACE	pr-osm-416646561	Fluviópolis	-26.020911	-50.6004979
PLACE	pr-osm-415522969	Flórida	-23.0861312	-51.9540843	Florida
PLACE	pr-osm-415523463	Formosa do Oeste	-24.2966562	-53.312801
PLACE	pr-osm-1913478042	Foz do Chopim	-25.5614314	-53.1055395
PLACE	pr-osm-2431191386	Foz do Iguaçu	-25.5304023	-54.5830692
PLACE	pr-osm-415523425	Foz do Jordão	-25.7377144	-52.1209188
PLACE	pr-osm-415523476	Francisco Alves	-24.0694395	-53.844348
PLACE	pr-osm-415523318	Francisco Beltrão	-26.0790979	-53.0533527
PLACE	pr-osm-416645238	Frei Timóteo	-23.2069231	-50.9435204
PLACE	pr-osm-6053603820	Fujiwara	-24.0161782	-50.5648762
PLACE	pr-osm-415522945	Fênix	-23.9169495	-51.9801443
PLACE	pr-osm-12990043210	Gasparelli III	-22.7737678	-51.2005055
PLACE	pr-osm-12990023893	Gasparelli IV	-22.7414454	-51.1938322
PLACE	pr-osm-12990043207	Gasparelli IV	-22.7446216	-51.1878348
PLACE	pr-osm-12990043209	Gasparelli V	-22.7817903	-51.2091959
PLACE	pr-osm-12990026374	Gasparelli VI	-22.7620843	-51.2105799
PLACE	pr-osm-415523407	General Carneiro	-26.422982	-51.3146691
PLACE	pr-osm-416646607	Geremia Lunardelli	-24.73513	-52.611975
PLACE	pr-osm-415523515	Godoy Moreira	-24.1925289	-51.9232662
PLACE	pr-osm-415523460	Goioerê	-24.1851885	-53.0250623	Goio-Erê
PLACE	pr-osm-415523424	Goioxim	-25.1987274	-51.9924229
PLACE	pr-osm-416646551	Gonçalves Júnior	-25.4655586	-50.7799113
PLACE	pr-osm-416645180	Graciosa	-23.084042	-52.607311
PLACE	pr-osm-3066023161	Gramado	-24.793255	-53.6077679
PLACE	pr-osm-415523493	Grandes Rios	-24.1454626	-51.5063628
PLACE	pr-osm-416646592	Guairacá	-25.157077	-51.330673
PLACE	pr-osm-415522936	Guairaçá	-22.9352304	-52.6865101
PLACE	pr-osm-5955671418	Guajuvira	-24.0216932	-50.4848715
PLACE	pr-osm-416646708	Guajuvira (de Baixo)	-25.5999871	-49.5082799
PLACE	pr-osm-12297063764	Guajuvira (de Cima)	-25.6355766	-49.4624071
PLACE	pr-osm-415523433	Guamiranga	-25.1909033	-50.8116961
PLACE	pr-osm-416646552	Guamirim	-25.566761	-50.8523742
PLACE	pr-osm-8889132633	Guanabara	-25.471303	-54.3288119
PLACE	pr-osm-415523063	Guapirama	-23.5164582	-50.0431538
PLACE	pr-osm-415522913	Guaporema	-23.340218	-52.778605
PLACE	pr-osm-416646568	Guaporé	-24.9147895	-52.9359929
PLACE	pr-osm-415523014	Guaraci	-22.970394	-51.6479769
PLACE	pr-osm-416646652	Guaragi	-25.2754169	-50.2339607
PLACE	pr-osm-2630656215	Guarani	-24.4584738	-52.5758818
PLACE	pr-osm-416646324	Guarani	-25.19311	-52.656189
PLACE	pr-osm-415523459	Guaraniaçu	-25.10035	-52.867811
PLACE	pr-osm-415523396	Guarapuava	-25.3950986	-51.4622016
PLACE	pr-osm-415523644	Guaraqueçaba	-25.2983566	-48.3290185
PLACE	pr-osm-364114784	Guaratuba	-25.8806192	-48.5750905
PLACE	pr-osm-416645231	Guaravera	-23.6099128	-51.1866732
PLACE	pr-osm-4348799243	Guaraí	-25.2192441	-52.4697329
PLACE	pr-osm-416646583	Guaraúna	-25.3244123	-50.3592253
PLACE	pr-osm-416646566	Guará	-25.3769619	-51.2842213
PLACE	pr-osm-319170063	Guaíra	-24.0851924	-54.2567519
PLACE	pr-osm-11506248137	Guiaracá	-23.6044683	-50.9765786
PLACE	pr-osm-416657010	Herculândia	-23.2637784	-53.4047405
PLACE	pr-osm-416646610	Herveira	-24.5385747	-52.7448686
PLACE	pr-osm-5955766870	Herveira	-24.0148496	-50.4279158
PLACE	pr-osm-415523415	Honório Serpa	-26.143149	-52.383794
PLACE	pr-osm-415523057	Ibaiti	-23.8452962	-50.1905666
PLACE	pr-osm-2063662460	Ibema	-24.9409921	-51.3757348
PLACE	pr-osm-415523487	Ibema	-25.1192916	-53.0071928
PLACE	pr-osm-416645255	Ibiaci	-22.9382293	-51.0225551
PLACE	pr-osm-415522990	Ibiporã	-23.2684137	-51.0475907
PLACE	pr-osm-3667867711	Ibiracema	-25.3563991	-53.293991
PLACE	pr-osm-415522891	Icaraíma	-23.3948345	-53.6162036
PLACE	pr-osm-416645181	Icatu	-22.9738906	-53.3953347
PLACE	pr-osm-415522972	Iguaraçu	-23.1972911	-51.8244524
PLACE	pr-osm-415523483	Iguatu	-24.7170385	-53.0865561
PLACE	pr-osm-416646139	Iguiporã	-24.5625466	-54.2108341
PLACE	pr-osm-415523559	Imbaú	-24.447597	-50.7557188
PLACE	pr-osm-415523436	Imbituva	-25.2293338	-50.6051002
PLACE	pr-osm-415523020	Inajá	-22.7530214	-52.1976067
PLACE	pr-osm-12990026372	Indianópolis	-22.7665956	-51.2155151
PLACE	pr-osm-415522911	Indianópolis	-23.4807249	-52.6987037
PLACE	pr-osm-415523457	Inácio Martins	-25.5725435	-51.0764637
PLACE	pr-osm-416646322	Iolópolis	-25.6722038	-52.8741517
PLACE	pr-osm-415523560	Ipiranga	-25.0239759	-50.5854615
PLACE	pr-osm-415523489	Iporã	-24.0039474	-53.7100595
PLACE	pr-osm-415523466	Iracema do Oeste	-24.427888	-53.3539137
PLACE	pr-osm-416645197	Irapuan	-23.764038	-52.096618
PLACE	pr-osm-415523434	Irati	-25.469663	-50.649287
PLACE	pr-osm-416645226	Irerê	-23.505325	-51.1261455
PLACE	pr-osm-415523521	Iretama	-24.4205941	-52.1013532
PLACE	pr-osm-415523013	Itaguajé	-22.618282	-51.967351
PLACE	pr-osm-416646701	Itaiacoca	-25.1424312	-49.8838382
PLACE	pr-osm-415523128	Itaipulândia	-25.1417007	-54.2980691
PLACE	pr-osm-415523032	Itambaracá	-23.0176678	-50.406887
PLACE	pr-osm-415522953	Itambé	-23.659424	-51.9903555
PLACE	pr-osm-416646565	Itapará	-25.472203	-51.037085
PLACE	pr-osm-5437464576	Itapejara d'Oeste	-25.9651274	-52.8149217	Itapejara do Oeste
PLACE	pr-osm-415523604	Itaperuçu	-25.2212291	-49.3458394	Itaperussu
PLACE	pr-osm-415522938	Itaúna do Sul	-22.7302304	-52.8854393
PLACE	pr-osm-416645189	Ivailândia	-23.7221801	-52.1785725	Ivailandia
PLACE	pr-osm-415523492	Ivaiporã	-24.2433517	-51.6719268
PLACE	pr-osm-416645201	Ivaitinga	-23.2237483	-52.3524175
PLACE	pr-osm-415522946	Ivatuba	-23.618722	-52.2174491
PLACE	pr-osm-415522898	Ivaté	-23.4084656	-53.3698352
PLACE	pr-osm-415523502	Ivaí	-25.0069795	-50.8568896	Ivai
PLACE	pr-osm-416657013	Ivaína	-23.080327	-53.345738
PLACE	pr-osm-416645225	Içara	-23.1709863	-51.633924
PLACE	pr-osm-415523047	Jaboti	-23.7419073	-50.0752639
PLACE	pr-osm-415523065	Jacarezinho	-23.1590428	-49.9739664
PLACE	pr-osm-416646599	Jaciaba	-24.8387926	-51.3007501
PLACE	pr-osm-416646305	Jacutinga	-25.7313588	-53.4666221
PLACE	pr-osm-416646589	Jacutinga	-24.2470666	-51.5619993
PLACE	pr-osm-415522983	Jaguapitã	-23.1102516	-51.5327741
PLACE	pr-osm-415523634	Jaguariaíva	-24.2589699	-49.7201518
PLACE	pr-osm-415522964	Jandaia do Sul	-23.6003907	-51.645674
PLACE	pr-osm-416646185	Jangada	-24.0115361	-53.5272467
PLACE	pr-osm-416646544	Jangada do Sul	-26.4013639	-51.319827
PLACE	pr-osm-415523511	Janiópolis	-24.140124	-52.77836
PLACE	pr-osm-415523056	Japira	-23.8119773	-50.1397133
PLACE	pr-osm-415522919	Japurá	-23.469273	-52.55572
PLACE	pr-osm-415523491	Jardim Alegre	-24.1795192	-51.6927177
PLACE	pr-osm-2108111152	Jardim Gralha Azul	-25.1376112	-50.199056
PLACE	pr-osm-7717895003	Jardim John Kennedy	-23.2565564	-50.9987605
PLACE	pr-osm-5369249191	Jardim Olinda	-22.5520625	-52.036373
PLACE	pr-osm-416645149	Jardim Paredão	-23.9523567	-53.9480977
PLACE	pr-osm-5641794995	Jardim Planalto	-25.7861742	-49.3174822
PLACE	pr-osm-3884987104	Jardim Santa Rita de Cássia	-25.3423528	-49.0894339
PLACE	pr-osm-5641783145	Jardim Santo Ângelo	-25.7909152	-49.3172003
PLACE	pr-osm-4511155547	Jardim São Cristovão	-23.071992	-52.5984359
PLACE	pr-osm-416766204	Jardinópolis	-25.411599	-54.0402145
PLACE	pr-osm-415522991	Jataizinho	-23.257815	-50.977748
PLACE	pr-osm-415523484	Jesuítas	-24.3807263	-53.3855699
PLACE	pr-osm-415523061	Joaquim Távora	-23.4999724	-49.9232545	Joaquim Tavora
PLACE	pr-osm-416646639	José Lacerda	-24.4931322	-50.8203849
PLACE	pr-osm-2061902535	Jotaesse	-24.6417177	-53.468981
PLACE	pr-osm-416645290	Joá	-23.4110468	-49.8671194
PLACE	pr-osm-415523050	Jundiaí do Sul	-23.4369861	-50.2478173
PLACE	pr-osm-415523470	Juranda	-24.420866	-52.841344
PLACE	pr-osm-415522909	Jussara	-23.621931	-52.46931
PLACE	pr-osm-416646313	Juvinópolis	-25.2616733	-53.3402159
PLACE	pr-osm-415522970	Kaloré	-23.8242643	-51.6683666
PLACE	pr-osm-7804605919	KM 02	-24.9536512	-54.0827484
PLACE	pr-osm-3066035164	Km 41	-24.6711683	-53.9820284
PLACE	pr-osm-8529742497	Km 5	-24.6390615	-54.2793713
PLACE	pr-osm-5272219210	Lageado Bonito	-25.3722292	-53.0012576
PLACE	pr-osm-416657952	Lagoa	-24.2221149	-50.5446841
PLACE	pr-osm-1970018806	Lagoa Seca	-25.4485659	-51.9244124
PLACE	pr-osm-2193729082	Lagoas	-25.4829109	-54.5080032
PLACE	pr-osm-416646641	Lajeado Bonito	-24.1706855	-50.7660136
PLACE	pr-osm-416645240	Lambari	-23.8627101	-50.6655898
PLACE	pr-osm-415523613	Lapa	-25.76709	-49.716777
PLACE	pr-osm-415523471	Laranjal	-24.8909736	-52.4726747
PLACE	pr-osm-415523419	Laranjeiras do Sul	-25.4073197	-52.4150132
PLACE	pr-osm-416645284	Lavrinha	-23.8925282	-50.0669074
PLACE	pr-osm-9913850734	Lavrinhas	-25.1135816	-51.2947217
PLACE	pr-osm-5174969805	Leonardos	-24.4206296	-50.8844179
PLACE	pr-osm-416645232	Lerroville	-23.6917614	-51.088492
PLACE	pr-osm-415522996	Leópolis	-23.0789091	-50.7501808
PLACE	pr-osm-415523500	Lidianópolis	-24.1073464	-51.6525676
PLACE	pr-osm-415523262	Lindoeste	-25.2608275	-53.5758136
PLACE	pr-osm-7804605913	Linha Dois Vizinhos	-24.9437909	-54.1433357
PLACE	pr-osm-3066033365	Linha General Osório	-24.7062239	-53.8889553
PLACE	pr-osm-6296783414	Linha Israel	-25.3948807	-52.9439157
PLACE	pr-osm-7804625444	Linha Jacaré	-25.0131562	-54.142646
PLACE	pr-osm-3066041490	Linha Mandarina	-24.8431809	-53.7322575
PLACE	pr-osm-5272147913	Linha Mirim	-25.3906842	-52.9750168
PLACE	pr-osm-7804604559	Linha Ponte Nova	-25.0078537	-54.116279
PLACE	pr-osm-7804605914	Linha Ponte Queimada	-24.9030275	-54.207134
PLACE	pr-osm-7804604575	Linha Roselito	-25.0280931	-54.129163
PLACE	pr-osm-7804605911	Linha Santa Maria	-24.9639069	-54.144988
PLACE	pr-osm-7804605912	Linha Santa Terezinha	-24.9556585	-54.166789
PLACE	pr-osm-3066029550	Linha São Paulo	-24.6451894	-53.8014774
PLACE	pr-osm-3066033656	Linha Tapuí	-24.7887131	-53.7693862
PLACE	pr-osm-3066035206	Linha União	-24.6681167	-54.0144475
PLACE	pr-osm-7804604557	Linha Vila Bonita	-24.989211	-54.1333745
PLACE	pr-osm-415522928	Loanda	-22.9320944	-53.1352452
PLACE	pr-osm-415523025	Lobato	-23.0077055	-51.9524309
PLACE	pr-osm-359501477	Londrina	-23.3112878	-51.1595023
PLACE	pr-osm-4897216664	Longuinópolis	-24.7551541	-53.0385424
PLACE	pr-osm-416645164	Lovat	-23.7686653	-53.199675
PLACE	pr-osm-416645196	Luar	-23.958176	-51.9153342
PLACE	pr-osm-415523520	Luiziana	-24.2838237	-52.2767531
PLACE	pr-osm-415523505	Lunardelli	-24.0793542	-51.7421822
PLACE	pr-osm-415523018	Lupionópolis	-22.7558205	-51.6575301
PLACE	pr-osm-416645244	Mairá	-22.6990586	-51.6419875
PLACE	pr-osm-415523427	Mallet	-25.8829457	-50.8289338
PLACE	pr-osm-416766143	Malu	-23.673805	-52.3814201
PLACE	pr-osm-415523512	Mamborê	-24.3084433	-52.5298446
PLACE	pr-osm-5955730956	Mambucas	-23.9558665	-50.6848947
PLACE	pr-osm-415522973	Mandaguari	-23.5224849	-51.6787511
PLACE	pr-osm-415522961	Mandaguaçu	-23.3485076	-52.0966215
PLACE	pr-osm-415523609	Mandirituba	-25.7772457	-49.3279107
PLACE	pr-osm-415523324	Manfrinópolis	-26.1440729	-53.3113372
PLACE	pr-osm-415523416	Mangueirinha	-25.9412009	-52.1740852
PLACE	pr-osm-415523498	Manoel Ribas	-24.5177239	-51.6685729
PLACE	pr-osm-416645161	Marabá	-23.753874	-52.76928
PLACE	pr-osm-6829223182	Maracajú dos Gauchos	-24.2028545	-54.1995714
PLACE	pr-osm-416645229	Maravilha	-23.4625428	-50.9994533
PLACE	pr-osm-416646268	Maravilha	-25.637871	-53.5165896
PLACE	pr-osm-416646255	Marcionópolis	-26.1096559	-53.6475324
PLACE	pr-osm-319206254	Marechal Cândido Rondon	-24.5582532	-54.0587821
PLACE	pr-osm-4516897241	Marechal Lott	-25.5314616	-53.66685
PLACE	pr-osm-416646138	Margarida	-24.6495726	-54.1255115
PLACE	pr-osm-415522896	Maria Helena	-23.6139395	-53.206135
PLACE	pr-osm-415522979	Marialva	-23.4820987	-51.795788
PLACE	pr-osm-416646650	Mariental	-25.721371	-49.646547
PLACE	pr-osm-415522929	Marilena	-22.7358333	-53.04
PLACE	pr-osm-416646615	Marilu	-24.4195223	-52.2031812
PLACE	pr-osm-415523514	Mariluz	-24.0031216	-53.148113
PLACE	pr-osm-415522981	Marilândia do Sul	-23.7462425	-51.3021452
PLACE	pr-osm-416766177	Marimbondo	-23.55663	-49.6783777
PLACE	pr-osm-415522962	Maringá	-23.425269	-51.9382078
PLACE	pr-osm-415523479	Maripá	-24.419978	-53.828641
PLACE	pr-osm-416645204	Maristela	-23.1284598	-52.2952459
PLACE	pr-osm-416645206	Mariza	-23.772778	-51.9365077
PLACE	pr-osm-415523326	Mariópolis	-26.3518327	-52.5491563
PLACE	pr-osm-415523328	Marmeleiro	-26.1472	-53.026741
PLACE	pr-osm-416646269	Marmelândia	-25.5657406	-53.5737687
PLACE	pr-osm-2023635586	Marquesita	-25.3640165	-53.9645844
PLACE	pr-osm-415523508	Marquinho	-25.1133759	-52.2581854
PLACE	pr-osm-4494748589	Martinópolis D'Oeste	-24.0936148	-52.6979365
PLACE	pr-osm-415522966	Marumbi	-23.7070343	-51.6408276
PLACE	pr-osm-2783858848	Matelândia	-25.2404183	-53.9835004
PLACE	pr-osm-415523642	Matinhos	-25.8187096	-48.534204
PLACE	pr-osm-5958417786	Mato Bom	-24.0389047	-50.4872702
PLACE	pr-osm-415523510	Mato Rico	-24.7045571	-52.1493001
PLACE	pr-osm-415522980	Mauá da Serra	-23.9045517	-51.2261166
PLACE	pr-osm-415523126	Medianeira	-25.2954233	-54.0940666
PLACE	pr-osm-416657051	Mendeslândia	-22.8610487	-51.7722805	Mendeslandia
PLACE	pr-osm-415523134	Mercedes	-24.4504957	-54.1647255
PLACE	pr-osm-415522912	Mirador	-23.257015	-52.7756432
PLACE	pr-osm-416646571	Mirante do Piquiri	-24.2024527	-53.3923602
PLACE	pr-osm-415523037	Miraselva	-22.9675823	-51.4847793
PLACE	pr-osm-415523131	Missal	-25.0913359	-54.2476738
PLACE	pr-osm-416646635	Monjolinho	-24.3640452	-50.8791272
PLACE	pr-osm-416645280	Monte Real	-23.2313724	-50.140452
PLACE	pr-osm-415523507	Moreira Sales	-24.0509413	-53.0101722
PLACE	pr-osm-7667453467	Moreninha	-24.9597218	-54.2644137
PLACE	pr-osm-277438440	Morretes	-25.4768503	-48.8322501
PLACE	pr-osm-1968984004	Morro Verde	-25.8403141	-52.2012393
PLACE	pr-osm-415522974	Munhoz de Mello	-23.1486583	-51.7737332	Munhoz de Melo
PLACE	pr-osm-416646642	Natingui	-24.0236196	-50.8053594
PLACE	pr-osm-7667453466	Navegantes	-25.0083515	-54.2506921
PLACE	pr-osm-416645150	Nilza	-23.9754062	-53.9003463	Vila Nilza
PLACE	pr-osm-416645175	Nordestina	-23.1903299	-52.8591081
PLACE	pr-osm-416645289	Nossa Senhora Aparecida	-22.966178	-50.268542
PLACE	pr-osm-416645218	Nossa Senhora da Aparecida	-23.2103195	-51.374256
PLACE	pr-osm-416645281	Nossa Senhora da Candelária	-23.1614135	-50.2514348
PLACE	pr-osm-2061902539	Nossa Senhora da Penha	-24.719694	-53.2491634
PLACE	pr-osm-415523015	Nossa Senhora das Graças	-22.9138823	-51.7962681
PLACE	pr-osm-415522917	Nova Aliança do Ivaí	-23.176271	-52.603244
PLACE	pr-osm-416645220	Nova Altamira	-23.8916889	-51.3573953
PLACE	pr-osm-416645221	Nova Amoreira	-23.8371509	-51.3206343
PLACE	pr-osm-415523011	Nova América da Colina	-23.3315888	-50.7182735
PLACE	pr-osm-415523464	Nova Aurora	-24.5282336	-53.2576703
PLACE	pr-osm-416645200	Nova Bilac	-23.2930185	-52.3975185
PLACE	pr-osm-416645272	Nova Brasília do Itararé	-23.5446511	-49.7386295
PLACE	pr-osm-415523472	Nova Cantu	-24.6739252	-52.5731265
PLACE	pr-osm-416646318	Nova Concórdia	-25.9779938	-53.0042054
PLACE	pr-osm-415522951	Nova Esperança	-23.1818437	-52.1999852
PLACE	pr-osm-415523330	Nova Esperança do Sudoeste	-25.9004038	-53.2617627
PLACE	pr-osm-3426937715	Nova Espero	-26.0922975	-52.6465301
PLACE	pr-osm-415523008	Nova Fátima	-23.433056	-50.5618055
PLACE	pr-osm-5272218530	Nova Italia	-25.3422811	-53.0161713
PLACE	pr-osm-415523334	Nova Laranjeiras	-25.305376	-52.544682
PLACE	pr-osm-415522935	Nova Londrina	-22.7633621	-52.9875908
PLACE	pr-osm-416646329	Nova Lourdes	-25.7864251	-52.8391306
PLACE	pr-osm-415522900	Nova Olímpia	-23.4699403	-53.090112
PLACE	pr-osm-415523321	Nova Prata do Iguaçu	-25.6325323	-53.3463611
PLACE	pr-osm-415523002	Nova Santa Bárbara	-23.5860638	-50.7638011
PLACE	pr-osm-415523482	Nova Santa Rosa	-24.468132	-53.9547649
PLACE	pr-osm-415523522	Nova Tebas	-24.437958	-51.945357
PLACE	pr-osm-3066025101	Nova Videira	-24.7010045	-53.8076484
PLACE	pr-osm-3832547294	Novo Barro Preto	-24.1668279	-50.3014973	Barro Preto do Sul
PLACE	pr-osm-416646134	Novo Horizonte	-24.5176654	-54.1194107
PLACE	pr-osm-415522977	Novo Itacolomi	-23.7635774	-51.5076578
PLACE	pr-osm-416645285	Novo Jardim	-23.6609837	-50.1992847
PLACE	pr-osm-5272147366	Novo Rumo	-25.36992	-52.8633233
PLACE	pr-osm-416646578	Novo Sarandi	-24.5646431	-53.9051089
PLACE	pr-osm-416646152	Novo Sobradinho	-24.6248959	-53.7595031
PLACE	pr-osm-416646136	Novo Três Passos	-24.4773393	-54.0136935
PLACE	pr-osm-6007420685	Olho D'Água	-24.009551	-50.5351733
PLACE	pr-osm-416646170	Oroite	-24.120309	-53.723038
PLACE	pr-osm-415523554	Ortigueira	-24.2088891	-50.925043
PLACE	pr-osm-416646595	Ourilândia	-24.0317006	-52.1330257
PLACE	pr-osm-415522948	Ourizona	-23.4047001	-52.1954085
PLACE	pr-osm-2305130127	Ouro Preto	-24.6783252	-53.6159206
PLACE	pr-osm-416646698	Ouro Verde	-24.4203434	-49.3913301
PLACE	pr-osm-415523442	Ouro Verde do Oeste	-24.7741302	-53.906938
PLACE	pr-osm-416646569	Ouro Verde do Piquiri	-24.6384726	-53.2119475
PLACE	pr-osm-7667341744	Pacuri	-24.957325	-54.2979501
PLACE	pr-osm-416646526	Padre Ponciano	-26.4194428	-51.7839766
PLACE	pr-osm-416645228	Paiquerê	-23.5271029	-51.0828246
PLACE	pr-osm-415522960	Paiçandu	-23.4575884	-52.048988	Paissandu
PLACE	pr-osm-415523385	Palmas	-26.483868	-51.988812
PLACE	pr-osm-415523615	Palmeira	-25.4269718	-49.9987787
PLACE	pr-osm-416646495	Palmeirinha	-25.2481896	-51.5473154
PLACE	pr-osm-416646653	Palmira	-25.67412	-50.155493
PLACE	pr-osm-2332050865	Palmital	-24.5736402	-50.95534
PLACE	pr-osm-415523509	Palmital	-24.8842985	-52.2113941
PLACE	pr-osm-2632653791	Palmitolândia	-24.6533662	-53.5571503
PLACE	pr-osm-416646573	Palmitópolis	-24.5753431	-53.3786742
PLACE	pr-osm-415523480	Palotina	-24.2839929	-53.8405463
PLACE	pr-osm-416766182	Panema	-22.9541774	-50.5862526
PLACE	pr-osm-416646666	Pangaré	-25.916523	-49.483543
PLACE	pr-osm-416646651	Papagaios Novos	-25.404242	-50.134808
PLACE	pr-osm-415523022	Paranacity	-22.9304971	-52.1523164
PLACE	pr-osm-416645250	Paranagi	-22.8505297	-50.8734265
PLACE	pr-osm-277429530	Paranaguá	-25.5148822	-48.5226695
PLACE	pr-osm-415523027	Paranapoema	-22.6561084	-52.0865163
PLACE	pr-osm-415522920	Paranavaí	-23.08165	-52.461724
PLACE	pr-osm-416646187	Paraná d'Oeste	-24.1095467	-52.8891676	Paraná do Oeste
PLACE	pr-osm-3429298393	Paraíso	-25.7623766	-52.7675066
PLACE	pr-osm-415522916	Paraíso do Norte	-23.2841185	-52.6024125
PLACE	pr-osm-2329533799	Passo do Pupo	-25.1438051	-49.9624798
PLACE	pr-osm-416646527	Passo Liso	-25.2939904	-52.3008536
PLACE	pr-osm-415523137	Pato Bragado	-24.6270545	-54.2264587
PLACE	pr-osm-353659699	Pato Branco	-26.2295984	-52.6712474
PLACE	pr-osm-416646564	Patos Velhos	-25.371115	-50.9814214
PLACE	pr-osm-416656995	Patrimônio Elisa	-23.7531114	-53.6246457
PLACE	pr-osm-360043304	Patrimônio Regina	-23.4103358	-51.2223778
PLACE	pr-osm-2082534941	Pau D'Alho do Sul	-23.5168518	-50.8912611
PLACE	pr-osm-415523456	Paula Freitas	-26.2092739	-50.936462
PLACE	pr-osm-416646572	Paulistânia	-24.1558524	-53.3746495
PLACE	pr-osm-1490928572	Paulo Frontin	-26.0399524	-50.8337759
PLACE	pr-osm-416766219	Paz	-25.6687486	-52.1243342	Distrito de Paz
PLACE	pr-osm-415522940	Peabiru	-23.9142123	-52.3455598	Município de Peabiru
PLACE	pr-osm-5955766868	Pedreira	-24.0120741	-50.4548021
PLACE	pr-osm-415522893	Perobal	-23.894861	-53.409838
PLACE	pr-osm-416646538	Pinaré	-25.9026017	-51.1039779
PLACE	pr-osm-415523646	Pinhais	-25.4443488	-49.1900307
PLACE	pr-osm-415523254	Pinhal de São Bento	-26.0326418	-53.4837511
PLACE	pr-osm-3391819748	Pinhalzinho	-24.3964293	-49.2502292
PLACE	pr-osm-416646317	Pinhalzinho	-25.8878995	-53.0815183
PLACE	pr-osm-416646521	Pinhalzinho	-25.9107216	-51.3809401
PLACE	pr-osm-415523045	Pinhalão	-23.7889966	-50.0577318
PLACE	pr-osm-4516910893	Pinheiro	-25.6147804	-53.6812501
PLACE	pr-osm-415523398	Pinhão	-25.6960895	-51.6566366
PLACE	pr-osm-4300849339	Pio X	-25.6895544	-52.8547576
PLACE	pr-osm-416646608	Piquirivaí	-24.159922	-52.481333
PLACE	pr-osm-416645223	Pirapó	-23.5592285	-51.5393236	Distrito de Pirapó
PLACE	pr-osm-6777711835	Piraquara	-25.4423273	-49.0604473
PLACE	pr-osm-415523640	Piraí do Sul	-24.5346602	-49.9399216
PLACE	pr-osm-14007523178	Piriquitos	-25.040966	-50.245613
PLACE	pr-osm-415523496	Pitanga	-24.757677	-51.7592351
PLACE	pr-osm-415522985	Pitangueiras	-23.2313428	-51.587301
PLACE	pr-osm-415523612	Piên	-26.0988916	-49.4297904
PLACE	pr-osm-415522939	Planaltina do Paraná	-23.0228724	-52.9160307
PLACE	pr-osm-415523257	Planalto	-25.7184492	-53.767216	Município de Planalto
PLACE	pr-osm-416646586	Poema	-24.3308358	-51.9668289
PLACE	pr-osm-415523643	Ponta Grossa	-25.0891685	-50.1601812
PLACE	pr-osm-415523641	Pontal do Paraná	-25.574765	-48.3614806
PLACE	pr-osm-277425410	Pontal do Sul	-25.5747824	-48.3614848
PLACE	pr-osm-415523041	Porecatu	-22.753724	-51.37949
PLACE	pr-osm-416645191	Porteira Preta	-23.871022	-52.024069
PLACE	pr-osm-415523616	Porto Amazonas	-25.5494226	-49.8973805
PLACE	pr-osm-415523422	Porto Barreiro	-25.5466703	-52.409026
PLACE	pr-osm-2025065203	Porto Belo	-25.4709637	-54.5898173
PLACE	pr-osm-416645179	Porto Brasílio	-22.892963	-53.523992
PLACE	pr-osm-416645154	Porto Camargo	-23.365699	-53.7513181
PLACE	pr-osm-416646693	Porto de Cima	-25.4351873	-48.8773251
PLACE	pr-osm-7946345586	Porto Eucalipto	-22.7043678	-53.1482864
PLACE	pr-osm-416657004	Porto Figueira	-23.4032007	-53.8093752
PLACE	pr-osm-2144869291	Porto Maringá	-22.6688261	-53.0783029
PLACE	pr-osm-2175366891	Porto Mendes	-24.4891427	-54.3073232
PLACE	pr-osm-7946345619	Porto Natal	-23.1496449	-53.6356203
PLACE	pr-osm-415522930	Porto Rico	-22.774742	-53.267731
PLACE	pr-osm-416645177	Porto São Carlos	-23.3641534	-52.5238363
PLACE	pr-osm-416645184	Porto São José	-22.7198049	-53.1754265
PLACE	pr-osm-7946345596	Porto São Pedro	-22.7475016	-53.219281
PLACE	pr-osm-1251666898	Porto Ubá	-24.0446955	-51.6268131
PLACE	pr-osm-415523455	Porto Vitória	-26.1605673	-51.2239397
PLACE	pr-osm-2547744918	Portão do Ocoy	-25.1773327	-54.1819085
PLACE	pr-osm-7804605922	Posto Fiscal	-24.955163	-54.0378217
PLACE	pr-osm-415523038	Prado Ferreira	-23.039784	-51.4431235
PLACE	pr-osm-415523244	Pranchita	-26.0209403	-53.7396825
PLACE	pr-osm-415522963	Presidente Castelo Branco	-23.2790844	-52.1528771
PLACE	pr-osm-416646330	Presidente Kennedy	-25.8203476	-52.9167866
PLACE	pr-osm-3806513699	Primavera	-24.3454792	-52.9334217
PLACE	pr-osm-415523029	Primeiro de Maio	-22.851714	-51.029251
PLACE	pr-osm-415523458	Prudentópolis	-25.203358	-50.9895774
PLACE	pr-osm-415522888	Pérola	-23.8031666	-53.6824972
PLACE	pr-osm-415523258	Pérola d'Oeste	-25.827794	-53.743333	Pérola do Oeste
PLACE	pr-osm-416646154	Pérola Independente	-24.5332521	-53.7430502
PLACE	pr-osm-415523461	Quarto Centenário	-24.27904	-53.075881
PLACE	pr-osm-415523060	Quatiguá	-23.5669626	-49.9160315
PLACE	pr-osm-415523645	Quatro Barras	-25.3708987	-49.0745672
PLACE	pr-osm-415523481	Quatro Pontes	-24.5741062	-53.9780237
PLACE	pr-osm-415523337	Quedas do Iguaçu	-25.453001	-52.9090429
PLACE	pr-osm-415522892	Querência do Norte	-23.083758	-53.483022
PLACE	pr-osm-415522944	Quinta do Sol	-23.8494169	-52.1334452
PLACE	pr-osm-323213949	Quinzópolis	-23.0386202	-50.5713899
PLACE	pr-osm-415523610	Quitandinha	-25.8737269	-49.4977717
PLACE	pr-osm-6768468991	Ramal Pimenta	-24.4023513	-53.6030065
PLACE	pr-osm-415523130	Ramilândia	-25.1190203	-54.0301175
PLACE	pr-osm-415523030	Rancho Alegre	-23.070922	-50.9142676
PLACE	pr-osm-415523468	Rancho Alegre d'Oeste	-24.3065214	-52.9551791
PLACE	pr-osm-11958851320	Rancho São Jorge	-24.5058195	-52.9601948
PLACE	pr-osm-2564937274	Raul Marinho	-22.9512546	-50.3744346
PLACE	pr-osm-415523251	Realeza	-25.7720262	-53.5338306
PLACE	pr-osm-415523431	Rebouças	-25.6259339	-50.6946598
PLACE	pr-osm-12990026358	Recanto Benelli	-22.7377051	-51.2389147
PLACE	pr-osm-12990026359	Recanto Primavera	-22.7274436	-51.2423909
PLACE	pr-osm-12990023888	Recanto São João	-22.7484804	-51.1886716
PLACE	pr-osm-416646722	Reianópolis	-24.0154976	-49.5658508
PLACE	pr-osm-415523317	Renascença	-26.158837	-52.970349
PLACE	pr-osm-415523553	Reserva	-24.6545336	-50.8484432
PLACE	pr-osm-415523421	Reserva do Iguaçu	-25.8365103	-52.028256
PLACE	pr-osm-5955743789	Reta Grande	-23.9307553	-50.5587041
PLACE	pr-osm-416646588	Ribeirão Bonito	-24.1843736	-51.428041
PLACE	pr-osm-415523058	Ribeirão Claro	-23.1960492	-49.7568326
PLACE	pr-osm-415523007	Ribeirão do Pinhal	-23.4063092	-50.3581945
PLACE	pr-osm-415523430	Rio Azul	-25.726644	-50.790534
PLACE	pr-osm-415522976	Rio Bom	-23.7618456	-51.4127871
PLACE	pr-osm-416646173	Rio Bonito	-24.094817	-53.9669674
PLACE	pr-osm-415523331	Rio Bonito do Iguaçu	-25.4903906	-52.5262069
PLACE	pr-osm-415523556	Rio Branco do Ivaí	-24.3193396	-51.3139672
PLACE	pr-osm-415523601	Rio Branco do Sul	-25.1885374	-49.3119082
PLACE	pr-osm-416646559	Rio Claro do Sul	-25.9512642	-50.6798278
PLACE	pr-osm-416646307	Rio da Prata	-25.8524714	-53.3918705
PLACE	pr-osm-416646606	Rio da Prata	-25.150784	-52.4593804
PLACE	pr-osm-11028218909	Rio do Cedro	-25.3820808	-48.6191285
PLACE	pr-osm-5955766874	Rio do Engano	-24.0224318	-50.3630653
PLACE	pr-osm-416646575	Rio do Salto	-25.1399322	-53.3318419
PLACE	pr-osm-334208306	Rio Negro	-26.1047668	-49.7982766
PLACE	pr-osm-416646596	Rio Novo	-24.420904	-50.958276
PLACE	pr-osm-8370996125	Rio Pequeno	-25.2369749	-48.6913808
PLACE	pr-osm-416646282	Rio Pinheiro	-26.3120266	-52.5926213
PLACE	pr-osm-3584602586	Rio Tuna	-26.0045515	-53.0852643
PLACE	pr-osm-416646605	Rio Verde	-24.4721638	-52.8746551
PLACE	pr-osm-10295126262	Rocha	-24.7089776	-49.1378583
PLACE	pr-osm-5955730960	Rodeio Bonito	-23.896985	-50.6461063
PLACE	pr-osm-415522992	Rolândia	-23.3119901	-51.3674145	Rolandia
PLACE	pr-osm-415523519	Roncador	-24.5960555	-52.2744834
PLACE	pr-osm-415522910	Rondon	-23.4171839	-52.7722221
PLACE	pr-osm-415523555	Rosário do Ivaí	-24.2545374	-51.2505025
PLACE	pr-osm-12990026367	Rota do Sol	-22.7405054	-51.2258846
PLACE	pr-osm-415522982	Sabáudia	-23.319019	-51.5544109	Sabaudia
PLACE	pr-osm-416646256	Sagrada Família	-25.6869719	-53.6909201
PLACE	pr-osm-7708235364	Salamanca	-24.3409094	-54.2337577
PLACE	pr-osm-415523323	Salgado Filho	-26.1732041	-53.3619195
PLACE	pr-osm-416646600	Salles de Oliveira	-24.7147016	-52.7720837
PLACE	pr-osm-416645162	Saltinho do Oeste	-23.937735	-53.416268
PLACE	pr-osm-415523052	Salto do Itararé	-23.6038767	-49.626581
PLACE	pr-osm-415523327	Salto do Lontra	-25.7815642	-53.3085197
PLACE	pr-osm-10702103815	Sambaqui	-25.5484928	-48.740943
PLACE	pr-osm-415523006	Santa Amélia	-23.2661996	-50.4278622
PLACE	pr-osm-1250308804	Santa Bárbara	-24.3100298	-51.5763596
PLACE	pr-osm-415523001	Santa Cecília do Pavão	-23.5176577	-50.7837199
PLACE	pr-osm-2547693446	Santa Clara	-25.0056055	-54.1868866
PLACE	pr-osm-5438301671	Santa Clara	-25.5920085	-53.9362483
PLACE	pr-osm-6878833917	Santa Clara	-24.1004567	-54.2848001
PLACE	pr-osm-415522924	Santa Cruz de Monte Castelo	-22.9582028	-53.294859
PLACE	pr-osm-8889132529	Santa Cruz do Ocoí	-25.2698346	-54.3185822
PLACE	pr-osm-416645166	Santa Eliza	-23.529233	-53.4633
PLACE	pr-osm-416645168	Santa Esmeralda	-23.160412	-53.3695338
PLACE	pr-osm-415523012	Santa Fé	-23.039993	-51.808014
PLACE	pr-osm-416645216	Santa Fé do Pirapó	-23.3739966	-51.8012995
PLACE	pr-osm-364083089	Santa Helena	-24.8591735	-54.3328813
PLACE	pr-osm-415523016	Santa Inês	-22.640225	-51.9031333
PLACE	pr-osm-415522931	Santa Isabel do Ivaí	-23.0013818	-53.1940876
PLACE	pr-osm-415523252	Santa Izabel do Oeste	-25.821652	-53.480146	Santa Isabel do Oeste
PLACE	pr-osm-4539472472	Santa Luzia	-25.6945178	-53.7519151
PLACE	pr-osm-416646593	Santa Luzia da Alvorada	-24.0583954	-51.877944
PLACE	pr-osm-415523263	Santa Lúcia	-25.4079427	-53.5677252
PLACE	pr-osm-416645260	Santa Margarida	-22.9701742	-51.209769
PLACE	pr-osm-12990023877	Santa Maria	-22.7502712	-51.2096572
PLACE	pr-osm-1911611924	Santa Maria	-25.1420634	-53.5866563	Distrito Santa Maria
PLACE	pr-osm-416645243	Santa Maria	-22.9721725	-52.308955
PLACE	pr-osm-415523517	Santa Maria do Oeste	-24.9392355	-51.8712242
PLACE	pr-osm-416645237	Santa Maria do Rio do Peixe	-23.6341749	-50.4783094
PLACE	pr-osm-322128507	Santa Mariana	-23.1499367	-50.5199587
PLACE	pr-osm-415522880	Santa Mônica	-23.1085921	-53.1103971
PLACE	pr-osm-8889132600	Santa Rita	-25.3504712	-54.3209996
PLACE	pr-osm-416646141	Santa Rita d'Oeste	-24.3671917	-54.0149741
PLACE	pr-osm-4894305461	Santa Rosa do Ocoí	-25.2522211	-54.2906062
PLACE	pr-osm-415523441	Santa Tereza do Oeste	-25.0511956	-53.6161834	Santa Teresa do Oeste
PLACE	pr-osm-2542473605	Santa Terezinha	-25.0081366	-54.2332449
PLACE	pr-osm-415523124	Santa Terezinha de Itaipu	-25.4390809	-54.4019902	Santa Teresinha de Itaipu
PLACE	pr-osm-416645222	Santa Zélia	-23.1747541	-51.6787043
PLACE	pr-osm-416646536	Santana	-25.9456966	-51.2576366
PLACE	pr-osm-415523053	Santana do Itararé	-23.7566225	-49.6292826
PLACE	pr-osm-3066028976	Santo Antônio	-24.6507717	-53.8607353
PLACE	pr-osm-415523048	Santo Antônio da Platina	-23.2957157	-50.0778957
PLACE	pr-osm-415523021	Santo Antônio do Caiuá	-22.7365132	-52.3446998
PLACE	pr-osm-416646515	Santo Antônio do Iratim	-26.148969	-51.405337
PLACE	pr-osm-416645210	Santo Antônio do Palmital	-23.8250494	-51.4247561
PLACE	pr-osm-415522998	Santo Antônio do Paraíso	-23.4949247	-50.6468656
PLACE	pr-osm-415523256	Santo Antônio do Sudoeste	-26.0727118	-53.725556	Santo Antonio do Sudoeste
PLACE	pr-osm-415523017	Santo Inácio	-22.6973239	-51.792679
PLACE	pr-osm-4179702206	Santo Isidoro	-25.5383184	-53.2417216	Santo Izidoro
PLACE	pr-osm-416646604	Santo Rei	-24.6703941	-52.455473
PLACE	pr-osm-5438301670	Sao Luiz	-25.6132831	-53.8787424
PLACE	pr-osm-415522989	Sapopema	-23.9105099	-50.5791315
PLACE	pr-osm-416645282	Sapé	-23.6277141	-50.0275101
PLACE	pr-osm-415522978	Sarandi	-23.444117	-51.876016
PLACE	pr-osm-415523335	Saudade do Iguaçu	-25.6915533	-52.6184857
PLACE	pr-osm-9556487412	Sede Alvorada	-24.8272526	-53.6461531
PLACE	pr-osm-3066041940	Sede Chaparral	-24.9190819	-53.6701121
PLACE	pr-osm-416646332	Sede Nova Sant'Ana	-25.7337978	-52.8421837
PLACE	pr-osm-416646315	Sede Progresso	-25.9063664	-53.0333604
PLACE	pr-osm-415523543	Sengés	-24.1141771	-49.4644197
PLACE	pr-osm-416645163	Serra dos Dourados	-23.615381	-53.384824
PLACE	pr-osm-5955730954	Serra Fria	-23.8455485	-50.6187332
PLACE	pr-osm-5955730963	Serra Grande	-23.8315649	-50.5762367
PLACE	pr-osm-416646688	Serra Negra	-25.1739363	-48.4173486
PLACE	pr-osm-5955766876	Serra Negra	-24.0908328	-50.3774171
PLACE	pr-osm-415523129	Serranópolis do Iguaçu	-25.3798835	-54.0538801
PLACE	pr-osm-5955766869	Serrinha	-23.9987742	-50.4510907
PLACE	pr-osm-415523031	Sertaneja	-23.0367627	-50.816802
PLACE	pr-osm-415523043	Sertanópolis	-23.0600434	-51.0373544
PLACE	pr-osm-416645185	Sertãozinho	-23.8385858	-52.306081
PLACE	pr-osm-3392749600	Sete Barras	-24.6776124	-48.8109693
PLACE	pr-osm-416766162	Sete de Maio	-23.6871694	-51.5071349
PLACE	pr-osm-5882062366	Seção São Paulo	-23.1800507	-50.8742303
PLACE	pr-osm-4184872409	Silviolândia	-24.0088578	-52.2314449
PLACE	pr-osm-415523051	Siqueira Campos	-23.687481	-49.830416
PLACE	pr-osm-416646702	Socavão	-24.7724224	-49.6962417
PLACE	pr-osm-2569567575	Subsede	-24.7947444	-54.298144
PLACE	pr-osm-415523341	Sulina	-25.7001327	-52.7207833
PLACE	pr-osm-416645199	Sumaré	-23.0731838	-52.4094104
PLACE	pr-osm-416645192	Sussuí	-23.7386552	-52.2025731	Sussui
PLACE	pr-osm-416646159	São Camilo	-24.1919085	-53.9144198
PLACE	pr-osm-415522922	São Carlos do Ivaí	-23.315828	-52.476143
PLACE	pr-osm-416646132	São Clemente	-24.7806975	-54.2357935
PLACE	pr-osm-6841731878	São Cristóvão	-24.1286258	-54.1251507
PLACE	pr-osm-416766180	São Domingos	-23.9946796	-51.5036664
PLACE	pr-osm-416646320	São Francisco	-25.8194648	-52.640255
PLACE	pr-osm-416645249	São Francisco de Imbaú	-23.5635521	-50.4126182
PLACE	pr-osm-415522988	São Jerônimo da Serra	-23.7221275	-50.7389164
PLACE	pr-osm-416645253	São Joaquim do Pontal	-22.97367	-50.480821
PLACE	pr-osm-11958851319	São Jorge	-24.4804608	-52.9892699
PLACE	pr-osm-416657839	São Jorge	-25.3951585	-54.204832
PLACE	pr-osm-8547119013	São Jorge	-24.9235599	-54.2178927
PLACE	pr-osm-415523339	São Jorge d'Oeste	-25.7086966	-52.9189882	São Jorge do Oeste
PLACE	pr-osm-415522955	São Jorge do Ivaí	-23.4327325	-52.2924553
PLACE	pr-osm-415522885	São Jorge do Patrocínio	-23.7612908	-53.8806252
PLACE	pr-osm-11958851318	São José	-24.4592095	-53.150221
PLACE	pr-osm-416645211	São José	-23.6579237	-51.6936694
PLACE	pr-osm-416657860	São José	-24.2020452	-54.0142107
PLACE	pr-osm-5579351778	São José	-25.168229	-52.7683895
PLACE	pr-osm-415523054	São José da Boa Vista	-23.9173145	-49.650601
PLACE	pr-osm-415523136	São José das Palmeiras	-24.8350864	-54.0621488
PLACE	pr-osm-416645172	São José do Ivaí	-23.1330341	-53.2783745
PLACE	pr-osm-415523651	São José dos Pinhais	-25.533816	-49.2072163
PLACE	pr-osm-11958851316	São João	-24.6114223	-52.9813192
PLACE	pr-osm-415523342	São João	-25.8273206	-52.7256633
PLACE	pr-osm-416645151	São João	-23.8382167	-53.8033245
PLACE	pr-osm-6845430482	São João Batista	-24.2847158	-54.1075331
PLACE	pr-osm-416646576	São João d'Oeste	-24.9659608	-53.2439581	São João do Oeste
PLACE	pr-osm-415523004	São João do Caiuá	-22.8544849	-52.3371114
PLACE	pr-osm-2028374746	São João do Ivaí	-23.9914063	-51.8232148
PLACE	pr-osm-416645234	São João do Pinhal	-23.6395562	-50.8540498
PLACE	pr-osm-415523617	São João do Triunfo	-25.682971	-50.29492
PLACE	pr-osm-416645247	São Judas Tadeu	-23.521556	-50.6773032
PLACE	pr-osm-5578542974	São Judas Tadeu	-25.1270818	-52.7769127
PLACE	pr-osm-416645174	São Lourenço	-23.8712194	-52.6107681
PLACE	pr-osm-416645208	São Luiz	-23.5533987	-51.9728567
PLACE	pr-osm-416645233	São Luiz	-23.5120421	-51.2357013
PLACE	pr-osm-416646319	São Luiz	-25.7260512	-52.4999278
PLACE	pr-osm-416646609	São Luiz	-24.1142911	-53.23656
PLACE	pr-osm-2305130131	São Luiz do Oeste	-24.7341448	-53.5705913
PLACE	pr-osm-416646661	São Luiz do Purunã	-25.461643	-49.709625
PLACE	pr-osm-6192394759	São Luiz II	-23.870975	-50.7254357
PLACE	pr-osm-415522918	São Manoel do Paraná	-23.394137	-52.645376
PLACE	pr-osm-4165839278	São Martin	-24.9359046	-53.568027
PLACE	pr-osm-416645219	São Martinho	-23.1945528	-51.4407751
PLACE	pr-osm-415523432	São Mateus do Sul	-25.866823	-50.382796
PLACE	pr-osm-416646150	São Miguel	-24.6147263	-53.8422989
PLACE	pr-osm-416645212	São Miguel do Cambuí	-23.6105909	-51.8598478
PLACE	pr-osm-415523127	São Miguel do Iguaçu	-25.349171	-54.240498
PLACE	pr-osm-8883835580	São Miguelzinho	-24.9609241	-54.2101006
PLACE	pr-osm-7667341537	São Paulo	-24.8898879	-54.2536597
PLACE	pr-osm-416645224	São Pedro	-23.4814665	-51.5860137
PLACE	pr-osm-416646248	São Pedro do Florido	-25.9921753	-53.6226054
PLACE	pr-osm-415523439	São Pedro do Iguaçu	-24.9341766	-53.8579529
PLACE	pr-osm-415522968	São Pedro do Ivaí	-23.8660384	-51.8563711
PLACE	pr-osm-415522925	São Pedro do Paraná	-22.8240967	-53.222755
PLACE	pr-osm-10769155124	São Roque	-24.9904559	-54.2167417
PLACE	pr-osm-416646130	São Roque	-24.7077716	-54.0743639
PLACE	pr-osm-416646262	São Roque	-25.7191521	-53.5384283
PLACE	pr-osm-416646314	São Roque	-25.8077375	-53.0214649
PLACE	pr-osm-5955743791	São Roque	-23.9165842	-50.5056993
PLACE	pr-osm-3066021993	São Salvador	-24.7078282	-53.9971491
PLACE	pr-osm-3940001082	São Salvador	-25.0597949	-53.3775221
PLACE	pr-osm-416646309	São Salvador	-25.9591084	-53.420883
PLACE	pr-osm-416646696	São Sebastião	-24.853631	-49.463961
PLACE	pr-osm-4425966255	São Sebastião	-24.9779878	-53.9837524
PLACE	pr-osm-415523000	São Sebastião da Amoreira	-23.4647501	-50.7605173
PLACE	pr-osm-10295285437	São Silvestre	-25.1049512	-49.6500455
PLACE	pr-osm-416645170	São Silvestre	-23.5319127	-53.0830975
PLACE	pr-osm-415522914	São Tomé	-23.534946	-52.590125
PLACE	pr-osm-416646316	São Valentim	-25.8007951	-53.1048359
PLACE	pr-osm-416646261	São Valério	-25.7716759	-53.662183	Valério
PLACE	pr-osm-416646188	São Vicente	-24.0391537	-52.6137387
PLACE	pr-osm-8889132623	São Vicente	-25.407961	-54.2697115
PLACE	pr-osm-8547186436	São Vicente Chico	-25.0124563	-54.3882422
PLACE	pr-osm-5958064985	Taboão	-23.9626854	-50.4471457
PLACE	pr-osm-2643781301	Tagaçaba	-25.2227758	-48.459052
PLACE	pr-osm-415522995	Tamarana	-23.7223793	-51.0936013
PLACE	pr-osm-415522923	Tamboara	-23.1995071	-52.5000131
PLACE	pr-osm-415522883	Tapejara	-23.7334411	-52.8701739
PLACE	pr-osm-415522881	Tapira	-23.323146	-53.0712033
PLACE	pr-osm-3752211676	Taquara do Reino	-23.1588518	-51.0226527
PLACE	pr-osm-415523438	Teixeira Soares	-25.3719287	-50.4586285
PLACE	pr-osm-2324612850	Telêmaco Borba	-24.3282939	-50.6318021	Telemaco Borba
PLACE	pr-osm-416646585	Tereza Breda	-24.1330942	-51.9912473
PLACE	pr-osm-416646598	Tereza Cristina	-24.8316347	-51.1418038
PLACE	pr-osm-415522903	Terra Boa	-23.768329	-52.447002
PLACE	pr-osm-416645235	Terra Nova	-23.7839472	-50.8129946
PLACE	pr-osm-415522943	Terra Rica	-22.7264874	-52.6202541
PLACE	pr-osm-415523135	Terra Roxa	-24.1670468	-54.097432
PLACE	pr-osm-415523557	Tibagi	-24.5152741	-50.4101635
PLACE	pr-osm-2009612450	Tigre	-25.0642794	-49.1210335
PLACE	pr-osm-3554385575	Tijucas do Sul	-25.9273376	-49.179265
PLACE	pr-osm-319208145	Toledo	-24.7222438	-53.7402476
PLACE	pr-osm-415523044	Tomazina	-23.7777942	-49.9546482
PLACE	pr-osm-2175460650	Tres Irmãs	-24.4429068	-54.2478878
PLACE	pr-osm-416645248	Triolândia	-23.5399804	-50.3809465
PLACE	pr-osm-2421004881	Tronco	-24.8607276	-50.0449328
PLACE	pr-osm-415523344	Três Barras do Paraná	-25.4212699	-53.1837577
PLACE	pr-osm-416646658	Três Córregos	-25.2330721	-49.6402168
PLACE	pr-osm-415523636	Tunas do Paraná	-24.9739476	-49.0862467
PLACE	pr-osm-415522882	Tuneiras do Oeste	-23.8672329	-52.8749376
PLACE	pr-osm-416645215	Tupinambá	-23.2860928	-51.7696476
PLACE	pr-osm-415523477	Tupãssi	-24.5857992	-53.5129537
PLACE	pr-osm-415523495	Turvo	-25.043933	-51.5392172
PLACE	pr-osm-416645213	Ubaúna	-23.9768915	-51.714607
PLACE	pr-osm-415523462	Ubiratã	-24.542725	-52.9899678
PLACE	pr-osm-415522894	Umuarama	-23.7621152	-53.3116192
PLACE	pr-osm-415522956	Uniflor	-23.0853871	-52.1584403
PLACE	pr-osm-415523445	União da Vitória	-26.228596	-51.0869796
PLACE	pr-osm-416646304	União do Oeste	-25.694828	-53.407902
PLACE	pr-osm-415522997	Uraí	-23.199997	-50.793873
PLACE	pr-osm-416645287	Vassoural	-23.6054017	-50.3370232
PLACE	pr-osm-415523639	Ventania	-24.2470771	-50.245452
PLACE	pr-osm-415523437	Vera Cruz do Oeste	-25.058614	-53.8785648
PLACE	pr-osm-416646563	Vera Guarani	-26.03153	-50.778056
PLACE	pr-osm-415523340	Verê	-25.8812309	-52.9081757
PLACE	pr-osm-416657046	Vida Nova	-23.8326931	-50.506199
PLACE	pr-osm-416645173	Vidigal	-23.6055846	-52.5174918
PLACE	pr-osm-5119711984	Vila Brasília	-25.7829689	-49.3218378
PLACE	pr-osm-416657002	Vila Casa Branca	-23.7218719	-53.5987398
PLACE	pr-osm-7667341741	Vila Celeste	-24.9657451	-54.3901526
PLACE	pr-osm-416657898	Vila Copel	-25.7913691	-52.0851652
PLACE	pr-osm-11188425176	Vila Curvado	-24.5602426	-54.1468293
PLACE	pr-osm-416657997	Vila das Peças	-25.4570965	-48.3352891
PLACE	pr-osm-2023615070	Vila Esmeralda	-25.1417741	-53.9748819
PLACE	pr-osm-3681149858	Vila Ferner	-25.7301972	-50.7781134
PLACE	pr-osm-4454382957	Vila Floresta	-24.1988863	-53.7153154
PLACE	pr-osm-3940872030	Vila Geanello	-24.0214065	-52.9334311
PLACE	pr-osm-7217100838	Vila Guarani	-24.0830729	-54.1637027
PLACE	pr-osm-416645286	Vila Guay	-23.7036786	-50.2283303
PLACE	pr-osm-2542504556	Vila Ipiranga	-25.2419999	-54.2262599
PLACE	pr-osm-2612516301	Vila Ipiranga	-24.6301242	-53.8791844
PLACE	pr-osm-4894550964	Vila Nice	-24.3261257	-53.6929163
PLACE	pr-osm-416646162	Vila Nova	-24.5769384	-53.8009485
PLACE	pr-osm-416646584	Vila Nova	-24.5294005	-51.8086475
PLACE	pr-osm-5955730959	Vila Nova	-23.9064006	-50.5966966
PLACE	pr-osm-416645239	Vila Nova de Florença	-23.5920051	-50.8695281
PLACE	pr-osm-3522787795	Vila Nova Jeruzalem	-23.5838257	-53.6394142
PLACE	pr-osm-416646333	Vila Paraíso	-25.737659	-52.811527
PLACE	pr-osm-4224117712	Vila Pau d'Alho	-23.4012396	-51.6404376
PLACE	pr-osm-416645217	Vila Reis	-23.6119835	-51.4050269
PLACE	pr-osm-416645155	Vila Rica do Ivaí	-23.2916577	-53.5542006
PLACE	pr-osm-12990034829	Vila Rural	-22.712322	-51.2947476
PLACE	pr-osm-4504449356	Vila Rural	-23.1596682	-51.02759
PLACE	pr-osm-7804604558	Vila Rural	-25.0004111	-54.1234993
PLACE	pr-osm-5955743788	Vila Rural (Santa Isabel)	-23.9282252	-50.5696904
PLACE	pr-osm-8676913009	Vila Rural Costa Oeste	-24.9354841	-54.3679246
PLACE	pr-osm-4066563248	Vila Rural Nossa Senhora Aparecida	-23.1172604	-53.1034425
PLACE	pr-osm-8140424992	Vila Rural Nova Esperança	-23.3816384	-53.5520366
PLACE	pr-osm-5844002521	Vila Rural Santa Fé	-23.1910392	-53.1016859
PLACE	pr-osm-13185025314	Vila Yara	-23.9396085	-54.0202755
PLACE	pr-osm-415523420	Virmond	-25.3816653	-52.2034599
PLACE	pr-osm-3066023007	Vista Alegre	-24.753202	-53.693827
PLACE	pr-osm-416646303	Vista Alegre	-25.9466883	-53.0972745
PLACE	pr-osm-416646335	Vista Alegre	-25.9333855	-52.7103202
PLACE	pr-osm-6684370041	Vista Alegre	-25.138317	-54.2200338
PLACE	pr-osm-7666833368	Vista Alegre	-24.7197608	-54.1970037
PLACE	pr-osm-4058252804	Vista Gaucha (Soledade)	-25.8738105	-53.6199999
PLACE	pr-osm-415523301	Vitorino	-26.2647687	-52.7804392
PLACE	pr-osm-7666844890	Volta Gaúcha	-24.7440555	-54.1283131
PLACE	pr-osm-416645227	Warta	-23.1963501	-51.201974
PLACE	pr-osm-415523066	Wenceslau Braz	-23.8748841	-49.8035872	Venceslau Brás
PLACE	pr-osm-415522889	Xambrê	-23.7361723	-53.4881707
PLACE	pr-osm-3066025107	Xaxim	-24.7182795	-53.8067517
PLACE	pr-osm-6007760648	Xaxim	-24.0273328	-50.6681033
PLACE	pr-osm-416646567	Yolanda	-24.4541225	-53.078455
PLACE	pr-osm-416646655	Água Azul	-25.815956	-50.143506
PLACE	pr-osm-416645203	Água Boa	-23.5000546	-52.1514158
PLACE	pr-osm-7804605916	Água da Esperança	-24.9239853	-54.0885849
PLACE	pr-osm-6841731831	Água da Onça	-24.2319107	-54.0422104
PLACE	pr-osm-6130439872	Água Morna	-24.0380415	-50.5940526
PLACE	pr-osm-6217131747	Água Salgada	-24.0149606	-50.6535213
PLACE	pr-osm-416646587	Águas de Jurema	-24.2923625	-52.0803166
PLACE	pr-osm-415522959	Ângulo	-23.1958345	-51.9094976
